조치 일자,product_id,현상,원인,처방
2025-09-08,RAG-00066,로봇팔 작동 이상,X축 가이드 레일의 마모와 오염으로 인해 부드러운 이동이 저해되었습니다.,X축 교체
2025-09-14,RAG-00042,가열불가,온도 제어 보드의 오작동으로 가열 기능이 비정상적으로 동작했습니다.,온도센서교체
2025-09-15,RAG-00055,로봇팔 작동 이상,X축 가이드 레일의 마모와 오염으로 인해 부드러운 이동이 저해되었습니다.,X축 교체
2025-09-21,RAG-00073,작동 중 전원 꺼짐,전원 보드의 과부하로 인한 보호 회로 작동으로 전원이 차단되었습니다.,하네스교체
2025-09-23,RAG-00051,로봇팔 작동 이상,로봇팔 제어 보드의 신호 오류로 인해 정상적인 동작이 불가능했습니다.,X축 교체
2025-09-26,RAG-00051,로봇팔 작동 이상,X축 모터의 베어링 마모로 인해 정확한 위치 제어가 불가능했습니다.,X축 교체
2025-09-28,RAG-00051,가열불가,온도 센서의 노후화로 인한 측정 오류가 발생했습니다.,하네스교체
2025-10-13,RAG-00055,로봇팔 작동 이상,X축 가이드 레일의 마모와 오염으로 인해 부드러운 이동이 저해되었습니다.,X축 교체
2025-10-19,RAG-00055,가열불가,온도 센서의 노후화로 인한 측정 오류가 발생했습니다.,온도센서교체
2025-10-19,RAG-00073,가열불가,가열부 하네스의 접촉 불량으로 전류 공급이 원활하지 않았습니다.,온도센서교체
2025-10-26,RAG-00066,과열,냉각 팬의 작동 불량으로 인해 내부 온도가 비정상적으로 상승했습니다.,온도센서교체
2025-11-05,RAG-00055,가열불가,온도 센서의 노후화로 인한 측정 오류가 발생했습니다.,온도센서교체
2025-11-13,RAG-00055,과열,온도 센서의 측정 오류로 인해 과도한 가열이 발생했습니다.,온도센서교체
2025-11-16,RAG-00042,과열,열 방출 경로의 막힘으로 인해 내부 열이 정상적으로 방출되지 않았습니다.,온도센서교체
2025-11-27,RAG-00051,로봇팔 작동 이상,X축 모터의 베어링 마모로 인해 정확한 위치 제어가 불가능했습니다.,X축 교체
